{

"metadata":
{
"sourceFile": "04_Iron_LivraisonV3.max",
"generatedBy": "3ds max ThreeJSExporter",
"formatVersion": 3,
"vertices": 28,
"normals": 28,
"colors": 0,
"uvs": 36,
"triangles": 28,
"materials": 1
},

"materials": [
{
"DbgIndex" : 0,
"DbgName"  : "dummy",
"colorDiffuse"  : [1.0000, 0.0000, 0.0000],
"vertexColors" : false
}

],

"vertices": [2.19135,2.50624,-0.193945,2.224,2.40999,0.105197,2.1587,2.6025,-0.0941813,2.19135,2.50624,0.204961,4.58726,3.21169,-0.0941809,4.55461,3.30794,0.204961,4.55461,3.30794,-0.193945,4.52196,3.4042,0.105198,2.224,2.40999,-0.0941812,2.1587,2.6025,0.105197,4.58726,3.21169,0.105198,4.52196,3.4042,-0.094181,2.20976,2.45198,-0.18286,2.22044,2.42049,-0.149606,2.22044,2.42049,0.160622,2.20976,2.45198,0.193876,2.16226,2.592,-0.149606,2.17294,2.56051,-0.18286,2.17294,2.56051,0.193876,2.16226,2.592,0.160622,4.5837,3.22219,-0.149605,4.57302,3.25368,-0.18286,4.57302,3.25368,0.193877,4.5837,3.22219,0.160622,4.5362,3.36221,-0.18286,4.52552,3.3937,-0.149605,4.52552,3.3937,0.160622,4.5362,3.36221,0.193876],

"normals": [0.321253,-0.946993,0.0,0.321253,-0.946993,1.51658e-06,-0.321253,0.946993,-7.68313e-07,-0.321253,0.946993,-1.51658e-06,0.315014,-0.928603,-0.196117,0.315014,-0.928603,-0.196117,0.315014,-0.928603,0.196117,0.315014,-0.928603,0.196117,-0.0610153,0.179861,0.981798,-0.0610155,0.179862,0.981798,-0.315014,0.928603,-0.196117,-0.315014,0.928603,-0.196117,0.227161,-0.669627,-0.707105,0.22716,-0.669626,-0.707106,0.0610156,-0.179862,-0.981798,0.0610153,-0.179861,-0.981798,0.22716,-0.669627,0.707106,0.22716,-0.669624,0.707108,0.0610149,-0.179861,0.981798,0.0610149,-0.179861,0.981798,-0.22716,0.669626,0.707106,-0.227159,0.669623,0.707109,-0.315014,0.928603,0.196117,-0.315015,0.928604,0.196113,-0.22716,0.669627,-0.707106,-0.22716,0.669624,-0.707108,-0.0610148,0.179861,-0.981798,-0.0610148,0.179861,-0.981798],

"colors": [],

"uvs": [[0.250093,1.0,0.749907,1.0,0.250093,0.0,0.749907,0.0,0.5,1.0,0.5,0.0,0.250093,1.0,0.749907,1.0,0.250093,0.0,0.749907,0.0,0.5,1.0,0.5,0.0,0.705038,1.0,0.705038,0.0,0.294962,0.0,0.294962,1.0,0.578815,0.0,0.578815,1.0,0.294962,0.0,0.294962,1.0,0.574501,1.0,0.639769,1.0,0.360231,1.0,0.425499,1.0,0.360231,1.0,0.425499,1.0,0.469241,1.0,0.359667,1.0,0.639769,0.0,0.574501,0.0,0.425499,0.0,0.360231,0.0,0.425499,0.0,0.360231,0.0,0.359667,0.0,0.469241,0.0]],

"faces": [42,8,4,10,0,0,2,3,0,0,0,42,10,1,8,0,3,1,0,1,1,1,42,9,7,11,0,6,8,9,2,2,2,42,11,2,9,0,9,7,6,3,3,3,42,20,4,8,0,28,13,12,4,4,4,42,8,13,20,0,12,21,28,5,5,5,42,14,1,10,0,22,15,14,6,6,6,42,10,23,14,0,14,31,22,7,7,7,42,18,3,5,0,26,17,16,8,8,8,42,5,27,18,0,16,35,26,9,9,9,42,16,2,11,0,24,19,18,10,10,10,42,11,25,16,0,18,33,24,11,11,11,42,21,20,13,0,29,28,21,12,12,12,42,13,12,21,0,21,20,29,13,13,13,42,6,21,12,0,11,29,20,14,14,14,42,12,0,6,0,20,10,11,15,15,15,42,15,14,23,0,23,22,31,16,16,16,42,23,22,15,0,31,30,23,17,17,17,42,3,15,22,0,4,23,30,18,18,18,42,22,5,3,0,30,5,4,19,19,19,42,19,18,27,0,27,26,35,20,20,20,42,27,26,19,0,35,34,27,21,21,21,42,9,19,26,0,6,27,34,22,22,22,42,26,7,9,0,34,8,6,23,23,23,42,17,16,25,0,25,24,33,24,24,24,42,25,24,17,0,33,32,25,25,25,25,42,0,17,24,0,10,25,32,26,26,26,42,24,6,0,0,32,11,10,27,27,27]

}