{

"metadata":
{
"sourceFile": "04_Iron_LivraisonV3.max",
"generatedBy": "3ds max ThreeJSExporter",
"formatVersion": 3,
"vertices": 85,
"normals": 85,
"colors": 0,
"uvs": 85,
"triangles": 156,
"materials": 1
},

"materials": [
{
"DbgIndex" : 0,
"DbgName"  : "dummy",
"colorDiffuse"  : [1.0000, 0.0000, 0.0000],
"vertexColors" : false
}

],

"vertices": [-1.87438,2.14361,0.133169,-1.87044,2.20667,0.116238,-1.86756,2.25284,0.0699814,-1.8665,2.26974,0.00679398,-1.86756,2.25284,-0.0563935,-1.87044,2.20667,-0.10265,-1.87438,2.14361,-0.119581,-1.87831,2.08054,-0.10265,-1.8812,2.03438,-0.0563935,-1.88225,2.01748,0.00679393,-1.8812,2.03438,0.0699814,-1.87831,2.08054,0.116238,-1.98691,2.15167,0.130741,-1.99033,2.21317,0.113902,-1.99863,2.25875,0.0687159,-2.00233,2.27545,0.00683229,-2.00115,2.2593,-0.0530255,-1.99514,2.2127,-0.100486,-1.99197,2.14998,-0.117207,-1.99712,2.08815,-0.100796,-2.00225,2.0429,-0.0535755,-2.00412,2.02725,0.00700457,-1.99898,2.04435,0.0701861,-1.9916,2.08744,0.113538,-1.87438,2.14361,0.159016,-1.87044,2.21957,0.138622,-1.86756,2.27518,0.0829049,-1.8665,2.29554,0.00679399,-1.86756,2.27518,-0.069317,-1.87044,2.21957,-0.125034,-1.87438,2.14361,-0.145428,-1.87831,2.06765,-0.125034,-1.8812,2.01204,-0.069317,-1.88225,1.99168,0.00679392,-1.8812,2.01204,0.0829049,-1.87831,2.06765,0.138622,-2.01224,2.14886,0.0845219,-2.01412,2.18725,0.0737818,-2.01777,2.21262,0.0462519,-2.02022,2.22144,0.00757748,-2.01923,2.21621,-0.0298623,-2.01646,2.18763,-0.0606662,-2.01548,2.14851,-0.0691929,-2.01623,2.10901,-0.0607046,-2.01853,2.08048,-0.0327046,-2.01891,2.06577,0.00810265,-2.01687,2.08,0.0476901,-2.01419,2.10998,0.0727191,-2.02098,2.14773,0.0386051,-2.02132,2.16492,0.0344716,-2.022,2.1745,0.0246492,-2.02258,2.18013,0.00940538,-2.02281,2.17324,-0.00613915,-2.0226,2.16154,-0.0172197,-2.02253,2.1478,-0.0190633,-2.02254,2.13282,-0.0163795,-2.02258,2.11988,-0.00457614,-2.02224,2.11373,0.0110256,-2.0217,2.12192,0.0262995,-2.02111,2.13015,0.0353138,-2.01354,2.10719,0.0749303,-1.99973,2.15136,0.122356,-2.00376,2.20901,0.10598,-2.01125,2.24922,0.0640884,-2.01536,2.26546,0.00700974,-2.01264,2.25115,-0.0482389,-2.00755,2.20828,-0.0923893,-2.00426,2.14984,-0.108373,-2.00746,2.09293,-0.0926166,-2.01354,2.05183,-0.0491086,-2.01585,2.03937,0.00710075,-2.01122,2.05315,0.0649235,-2.00389,2.09099,0.105369,-1.99467,2.15171,0.128755,-1.99823,2.21226,0.112281,-2.00629,2.25684,0.0673623,-2.01102,2.27268,0.00722886,-2.00896,2.2575,-0.0517045,-2.00307,2.21192,-0.0979598,-2.00002,2.14974,-0.114475,-2.00384,2.0898,-0.0974175,-2.00952,2.04571,-0.0523104,-2.01186,2.0306,0.00692575,-2.0071,2.04707,0.0686398,-1.99923,2.08913,0.111596],

"normals": [-0.0224171,0.000626558,0.999749,0.0103945,0.499708,0.866132,0.0340894,0.865488,0.499768,0.0418891,0.999122,-0.000168447,0.0311911,0.865137,-0.500565,0.0087291,0.500505,-0.86569,-0.019346,0.00310504,-0.999808,-0.0489744,-0.499407,-0.864982,-0.0737253,-0.862167,-0.501231,-0.0814226,-0.996679,0.000971598,-0.0727398,-0.863868,0.498439,-0.0510151,-0.495647,0.867025,-0.129168,0.00892136,0.991583,-0.104369,0.493522,0.863448,-0.129511,0.852708,0.506079,-0.133256,0.991081,-0.00117146,-0.124748,0.859204,-0.496192,-0.147618,0.488376,-0.860057,-0.162281,0.00975928,-0.986696,-0.261281,-0.473321,-0.841249,-0.230525,-0.842673,-0.48658,-0.240306,-0.970633,0.0111402,-0.214885,-0.834801,0.506885,-0.177916,-0.480931,0.858517,-0.998491,0.054825,-0.00328972,-0.998889,0.039579,-0.0255852,-0.999643,0.0126083,-0.0235569,-0.999999,0.000882815,0.000821132,-0.999601,0.0161751,0.0231437,-0.998847,0.043146,0.0210614,-0.998491,0.054825,-0.00328972,-0.998889,0.039579,-0.0255853,-0.999643,0.0126082,-0.0235569,-0.999999,0.000882815,0.000821131,-0.999601,0.0161751,0.0231437,-0.998847,0.043146,0.0210614,-0.966307,0.00298947,0.257374,-0.972953,0.0479711,0.225969,-0.986537,0.079358,0.142992,-0.995532,0.0907693,0.0260181,-0.991122,0.0861217,-0.101296,-0.981386,0.0459451,-0.186471,-0.976731,-0.00678714,-0.214362,-0.980676,-0.0546374,-0.187852,-0.991072,-0.0829597,-0.104377,-0.994768,-0.100636,0.0175643,-0.98693,-0.0869253,0.135694,-0.974267,-0.0459842,0.220658,-0.992685,0.000810151,0.12073,-0.992241,0.0242332,0.121941,-0.996921,0.0254669,0.0741552,-0.999186,0.0276478,0.0293935,-0.999543,0.024672,-0.0174443,-0.997111,0.0146957,-0.0745211,-0.996682,-0.0060792,-0.081163,-0.997004,-0.0302582,-0.0711804,-0.998839,-0.042089,-0.0234128,-0.998633,-0.0439115,0.0283578,-0.997262,-0.0289577,0.0680372,-0.992531,-0.0247631,0.119452,0.441325,0.771737,-0.45788,-0.899531,0.0501304,0.433971,-0.907994,0.0810085,0.411077,-0.936846,0.193259,0.291496,-0.956075,0.277617,0.094069,-0.957225,0.249437,-0.146634,-0.928208,0.183998,-0.323381,-0.915411,0.0438504,-0.400125,-0.926553,-0.0760598,-0.368393,-0.947708,-0.191967,-0.254948,-0.970975,-0.235593,-0.0412663,-0.947578,-0.263986,0.180021,-0.904977,-0.197367,0.376912,-0.513068,0.0033737,0.858341,-0.511645,0.392155,0.764483,-0.586659,0.679251,0.440964,-0.601785,0.798452,0.018149,-0.606433,0.675759,-0.419032,-0.574068,0.389128,-0.720434,-0.572901,-0.000193248,-0.819624,-0.663423,-0.349865,-0.661411,-0.637162,-0.651623,-0.411597,-0.677409,-0.735407,0.0171159,-0.627699,-0.645442,0.435199,-0.566043,-0.362032,0.740627],

"colors": [],

"uvs": [[0.915101,0.5,0.859488,0.292313,0.707551,0.140275,0.5,0.084625,0.29245,0.140275,0.140512,0.292312,0.0848989,0.5,0.140512,0.707687,0.292449,0.859725,0.5,0.915375,0.70755,0.859725,0.859488,0.707688,0.907127,0.496601,0.851817,0.295574,0.703394,0.147725,0.500126,0.0936996,0.303512,0.146457,0.14762,0.2981,0.0926962,0.503175,0.1466,0.70706,0.301706,0.856571,0.500692,0.908292,0.708223,0.851128,0.850621,0.708289,1.0,0.5,0.933013,0.25,0.75,0.0669874,0.5,0.0,0.25,0.0669873,0.0669874,0.25,0.0,0.5,0.0669872,0.75,0.25,0.933012,0.5,1.0,0.75,0.933013,0.933012,0.75,0.755311,0.511025,0.720034,0.385476,0.629607,0.303,0.502574,0.274559,0.379596,0.291497,0.278415,0.384694,0.250408,0.512816,0.278289,0.642554,0.37026,0.736637,0.504299,0.784968,0.634331,0.737862,0.716543,0.63895,0.604489,0.516514,0.590912,0.460207,0.558649,0.428905,0.508578,0.410559,0.457519,0.433198,0.421123,0.471537,0.415067,0.516604,0.423883,0.565753,0.462653,0.608214,0.5139,0.628302,0.564069,0.601321,0.593678,0.574226,0.723806,0.647986,0.879585,0.500267,0.825795,0.311964,0.688194,0.181605,0.500709,0.129167,0.319235,0.175546,0.174215,0.315127,0.121715,0.506174,0.173468,0.693527,0.316378,0.829596,0.501008,0.870927,0.690937,0.824768,0.823786,0.699137,0.900603,0.498068,0.846492,0.300153,0.698947,0.155579,0.501429,0.104586,0.307851,0.153958,0.155918,0.30228,0.10167,0.505638,0.157699,0.703029,0.305861,0.84884,0.500433,0.898888,0.703143,0.843882,0.844242,0.704299]],