{

"metadata":
{
"sourceFile": "04_Iron_LivraisonV3.max",
"generatedBy": "3ds max ThreeJSExporter",
"formatVersion": 3,
"vertices": 123,
"normals": 123,
"colors": 0,
"uvs": 128,
"triangles": 204,
"materials": 1
},

"materials": [
{
"DbgIndex" : 0,
"DbgName"  : "dummy",
"colorDiffuse"  : [1.0000, 0.0000, 0.0000],
"vertexColors" : false
}

],

"vertices": [1.38068,2.78445,0.0015465,1.37719,2.7346,0.000183942,1.37978,2.77118,0.0951218,1.37615,2.72209,0.0768773,1.37685,2.73001,0.182037,1.37376,2.68437,0.143278,1.37208,2.66333,0.252071,1.36958,2.62881,0.191143,1.36588,2.57635,0.295846,1.36423,2.55521,0.215354,1.35728,2.4569,0.319614,1.35946,2.48763,0.216442,1.34333,2.26499,0.351088,1.35407,2.41502,0.195018,1.33271,2.12021,0.206418,1.34987,2.3576,0.145156,1.32909,2.07152,0.0960516,1.3471,2.32013,0.0779747,1.32812,2.05911,0.000256943,1.34609,2.30711,0.00157681,1.32893,2.07143,-0.0980032,1.34697,2.32013,-0.0748227,1.33236,2.11987,-0.201928,1.34964,2.3576,-0.142009,1.34262,2.26349,-0.35024,1.35375,2.41502,-0.191878,1.3583,2.47836,-0.314412,1.35905,2.48792,-0.215551,1.36559,2.57867,-0.293159,1.36425,2.55982,-0.214305,1.37192,2.66681,-0.248145,1.3694,2.63085,-0.191891,1.37662,2.73117,-0.179369,1.37361,2.68827,-0.14203,1.37968,2.77176,-0.0930845,1.37615,2.72247,-0.0736981,1.31014,1.80631,0.417668,1.31002,1.80632,0.276154,1.3099,1.80631,0.122977,1.3098,1.80629,0.00163919,1.3097,1.8063,-0.11808,1.30959,1.8063,-0.257213,1.30946,1.80631,-0.415147,1.28786,1.49852,0.444506,1.28772,1.49853,0.278306,1.28759,1.49853,0.122994,1.28749,1.4985,0.00165713,1.2874,1.49851,-0.118062,1.28728,1.49852,-0.257194,1.28713,1.49852,-0.444338,1.26624,1.20009,0.463652,1.26609,1.2001,0.278323,1.26596,1.20009,0.123013,1.26586,1.20007,0.00167513,1.26576,1.20007,-0.118043,1.26565,1.20008,-0.257177,1.26549,1.20004,-0.463448,1.41574,2.78189,0.00151795,1.41226,2.73204,0.000155806,1.41484,2.76862,0.0950933,1.41122,2.71952,0.0768491,1.41192,2.72745,0.182008,1.40883,2.68181,0.14325,1.40714,2.66076,0.252043,1.40465,2.62625,0.191115,1.40094,2.57379,0.295817,1.39929,2.55265,0.215326,1.39235,2.45434,0.319585,1.39452,2.48507,0.216414,1.37839,2.26242,0.35106,1.38913,2.41246,0.19499,1.38494,2.35504,0.145128,1.38216,2.31756,0.0779465,1.38116,2.30455,0.00154868,1.38204,2.31756,-0.0748508,1.38471,2.35504,-0.142037,1.37769,2.26092,-0.350269,1.38882,2.41246,-0.191906,1.39336,2.47579,-0.31444,1.39411,2.48536,-0.215579,1.40065,2.57611,-0.293187,1.39931,2.55726,-0.214333,1.40698,2.66424,-0.248173,1.40446,2.62829,-0.191919,1.41168,2.72861,-0.179398,1.40867,2.68571,-0.142058,1.41475,2.7692,-0.0931131,1.41122,2.71991,-0.0737262,1.3452,1.80375,0.41764,1.34453,1.80374,-0.415176,1.32292,1.49596,0.444477,1.32219,1.49595,-0.444366,1.30131,1.19752,0.463623,1.30115,1.19753,0.278295,1.30102,1.19753,0.122984,1.30092,1.1975,0.00164658,1.30083,1.19751,-0.118072,1.30072,1.19752,-0.257206,1.30055,1.19748,-0.463477,1.41958,2.83504,0.00148127,1.41861,2.82083,0.101659,1.41548,2.77676,0.194707,1.41038,2.70537,0.269684,1.40374,2.61226,0.316547,1.39453,2.48438,0.341992,1.3796,2.27892,0.375687,1.37885,2.27732,-0.375128,1.39562,2.50735,-0.336771,1.40342,2.61474,-0.314019,1.41021,2.7091,-0.265829,1.41524,2.778,-0.1922,1.41851,2.82146,-0.0998271,1.34408,1.78788,0.446965,1.34336,1.78787,-0.444615,1.32023,1.45837,0.475696,1.31946,1.45837,-0.475865,1.2971,1.13888,0.496193,1.29694,1.13889,0.297788,1.2968,1.13888,0.131518,1.29669,1.13886,0.00161894,1.29659,1.13887,-0.126547,1.29647,1.13888,-0.275498,1.29629,1.13883,-0.496324],

"normals": [-0.997514,0.0704637,4.41392e-05,-0.997533,0.0701966,-0.000293924,-0.99742,0.0717648,0.0015723,-0.997402,0.0720041,0.00233503,-0.997541,0.0700597,-0.00168677,-0.99752,0.0703619,-0.00180164,-0.997408,0.0719456,0.000502069,-0.997403,0.0720141,-0.000815508,-0.997434,0.0715866,0.00128632,-0.997459,0.0712302,0.00146846,-0.997358,0.072632,0.000888761,-0.997374,0.0724205,0.000971669,-0.997377,0.0723701,0.000907662,-0.997348,0.0727696,0.000962632,-0.997383,0.0722886,0.000833675,-0.997385,0.0722647,0.00082926,-0.997384,0.0722767,0.000825876,-0.997383,0.0723005,0.000846626,-0.997384,0.0722748,0.000814616,-0.997384,0.0722855,0.000813924,-0.997384,0.0722799,0.000801528,-0.997383,0.072293,0.000735813,-0.997385,0.0722702,0.000858088,-0.997383,0.0722871,0.000885702,-0.99738,0.0723368,0.000857174,-0.997369,0.072482,0.000763818,-0.997369,0.072497,0.000521964,-0.997378,0.0723696,0.000599548,-0.997396,0.0721185,0.000429062,-0.997387,0.0722428,0.000388714,-0.997442,0.0714744,0.00107356,-0.997415,0.0718475,0.000935023,-0.997444,0.0714315,0.00147739,-0.997444,0.0714369,0.00143945,-0.997426,0.0716842,0.00163499,-0.997401,0.0720337,0.00183539,-0.997383,0.0722888,0.000812803,-0.997383,0.0722879,0.000807195,-0.997384,0.0722788,0.000807248,-0.997385,0.0722729,0.000806635,-0.997385,0.0722725,0.000806426,-0.997384,0.0722746,0.000813233,-0.997385,0.072269,0.000830598,-0.997384,0.072282,0.000842852,-0.997383,0.0722883,0.00081629,-0.997383,0.0722922,0.000794593,-0.997383,0.0722909,0.000800584,-0.997383,0.0722891,0.000809595,-0.997384,0.0722857,0.000815329,-0.997384,0.0722798,0.000822862,-0.997384,0.0722865,0.000846502,-0.997383,0.0722882,0.000825512,-0.997383,0.0722933,0.00080351,-0.997383,0.0722987,0.000803964,-0.997383,0.0723003,0.000804699,-0.997383,0.072297,0.000800758,-0.997383,0.0722884,0.000805489,0.0729412,0.997329,0.00373158,-0.0728702,-0.997341,0.000554944,0.0700736,0.955022,0.288136,-0.0689621,-0.940249,-0.333431,0.060543,0.821532,0.566939,-0.05674,-0.769581,-0.636024,0.0440247,0.593031,0.803975,-0.0364907,-0.489892,-0.871019,0.0244335,0.323587,0.945883,-0.0128588,-0.16516,-0.986183,0.0137842,0.177535,0.984018,0.00902571,0.134427,-0.990882,0.0119125,0.151896,0.988325,0.0342295,0.478148,-0.877612,0.0559972,0.773344,-0.631509,0.0684379,0.940396,-0.333124,0.0728705,0.997341,-6.12818e-05,0.0689724,0.940396,0.333013,0.0570115,0.773348,0.631413,0.0102934,0.151787,-0.98836,0.0364945,0.489956,0.870983,0.0127278,0.184997,-0.982657,0.0115357,0.147034,0.989064,0.023532,0.332283,-0.942886,-0.0108944,-0.159959,0.987064,0.0431477,0.598888,-0.79967,-0.034826,-0.486277,0.87311,0.059858,0.824734,-0.562343,-0.0570214,-0.787229,0.614019,0.0697152,0.956489,-0.283318,-0.0690525,-0.948542,0.309031,0.00919197,0.114632,0.993365,0.00774265,0.116954,-0.993107,0.0062945,0.0749885,0.997165,0.00495019,0.0788011,-0.996878,0.00546562,0.063628,0.997959,-0.0729329,-0.997337,5.02485e-05,-0.0729388,-0.997336,0.000179834,-0.0729363,-0.997337,0.00012636,-0.0729391,-0.997336,-7.37885e-06,-0.0729362,-0.997337,0.000123826,0.00383741,0.0636192,-0.997967,-0.997407,0.071961,0.000711316,-0.997405,0.0719871,0.00057024,-0.997403,0.0720139,0.000580646,-0.997408,0.0719489,0.000824076,-0.997419,0.0717874,0.00115093,-0.997398,0.0720954,0.000623911,-0.997372,0.0724495,0.000460031,-0.997375,0.0724066,0.00109274,-0.997383,0.0722866,0.00125382,-0.997421,0.0717665,0.000431381,-0.997414,0.0718697,0.000592452,-0.997399,0.0720663,0.00120529,-0.997403,0.0720148,0.00112667,-0.997384,0.0722811,0.000974929,-0.997384,0.0722829,0.000620874,-0.997383,0.0722909,0.0011998,-0.997383,0.0723033,0.000387508,-0.997398,0.0720811,0.0010123,-0.997406,0.0719698,0.000829915,-0.997407,0.07196,0.000805866,-0.997407,0.0719615,0.000805669,-0.997407,0.071962,0.000804507,-0.997407,0.0719638,0.000798915,-0.9974,0.0720633,0.000621557],

"colors": [],